nivel_pobreza,nbi1,inghog2dmean,inghog2dmedian,gashog2dmean,gashog2dmedian
no pobre,0,32760.041128736128,23489.98046875,27007.277046881492,22380.583984375
no pobre,1,19440.48635402117,16117.046875,18074.743292891875,15901.8359375
pobre extremo,0,9906.536154927197,8602.4814453125,7992.623172086139,7514.380859375
pobre extremo,1,10618.739267578125,9501.47998046875,8556.479213053386,7883.616455078125
pobre no extremo,0,15626.399572720185,11971.9794921875,13406.471448143331,12256.365234375
pobre no extremo,1,15045.327071981965,12720.994140625,13271.803296526334,12754.5859375
